Handle,Title,Body (HTML),Vendor,Product Category,Type,Tags,Published,Option1 Name,Option1 Value,Variant SKU,Variant Grams,Variant Inventory Tracker,Variant Inventory Qty,Variant Inventory Policy,Variant Fulfillment Service,Variant Price,Variant Compare At Price,Variant Requires Shipping,Variant Taxable,Variant Weight Unit,Image Src,Image Position,Image Alt Text,Gift Card,SEO Title,SEO Description,Status
custom-pet-portrait-woven-blanket,"Custom Pet Portrait Woven Blanket, Illustrated from Your Photo","<p><strong>Your pet, woven into a blanket you'll actually use.</strong> We turn your photo into a bold illustrated portrait, then weave it into a soft 100% cotton throw with fringed ends.</p><ul>  <li><strong>Illustrated from your photo:</strong> your pet's real markings, not a stock breed</li>  <li><strong>Approve before we make it:</strong> art proof within 24 hours, up to 2 free changes</li>  <li><strong>100% cotton, jacquard woven:</strong> the portrait is made of threads, not printed on top</li>  <li><strong>Approx. 52 × 37 in:</strong> throw size for the sofa, bed or reading chair</li>  <li><strong>Made in the USA</strong> and shipped with tracking</li></ul><p>📸 After checkout we'll email you to ask for your pet's photo. 🎄 Order by <strong>December 10</strong> for Christmas delivery (US).</p><h3>How it works</h3><ol>  <li><strong>Order:</strong> choose your art style (Bold Pop, Christmas scarf or Royal).</li>  <li><strong>Send your photo:</strong> reply to our email with 1–3 clear photos of your pet's face.</li>  <li><strong>Approve the art:</strong> we send the illustration within 24 hours.</li>  <li><strong>We weave &amp; ship:</strong> delivered in about 4–7 business days after approval.</li></ol><h3>Details</h3><table>  <tr><td>Material</td><td>100% cotton, jacquard woven</td></tr>  <tr><td>Size</td><td>Approx. 52 × 37 in (may vary by up to 2.5 in)</td></tr>  <tr><td>Edges</td><td>Fringed ends</td></tr>  <tr><td>Design</td><td>Illustrated portrait from your photo (AI-assisted, checked by hand)</td></tr>  <tr><td>Care</td><td>Machine wash cold, gentle cycle; tumble dry low</td></tr>  <tr><td>Made in</td><td>USA</td></tr></table><p><em>Woven blankets show bold shapes and colors beautifully; very fine details like single whiskers are simplified. Because each blanket is made for you, we can't take change-of-mind returns, but anything wrong with it gets a free replacement or refund.</em></p>",Woven Tails,,Blankets,"pet portrait, custom blanket, woven, gift for dog lovers, gift for cat lovers",TRUE,Art style,Bold Pop,WT-BLK-POP,1400,,,continue,manual,64.00,,TRUE,TRUE,g,https://woven-tails-sujalsharmas-projects.vercel.app/img/blanket-sofa-golden.jpg,1,Woven pet portrait blanket on a sofa (illustration of the product),FALSE,"Custom Pet Portrait Woven Blanket | 100% Cotton, From Your Photo","Your dog or cat, illustrated from your photo and woven into a 100% cotton blanket with fringe. You approve the art first. Made in the USA.",draft
custom-pet-portrait-woven-blanket,,,,,,,,,Christmas Scarf,WT-BLK-XMAS,1400,,,continue,manual,64.00,,TRUE,TRUE,g,https://woven-tails-sujalsharmas-projects.vercel.app/img/art-golden-pop.jpg,2,Bold Pop art style example,,,,
custom-pet-portrait-woven-blanket,,,,,,,,,Royal,WT-BLK-ROYAL,1400,,,continue,manual,64.00,,TRUE,TRUE,g,https://woven-tails-sujalsharmas-projects.vercel.app/img/art-golden-christmas.jpg,3,Christmas Scarf art style example,,,,
custom-pet-portrait-woven-blanket,,,,,,,,,,,,,,,,,,,,,https://woven-tails-sujalsharmas-projects.vercel.app/img/art-golden-royal.jpg,4,Royal art style example,,,,
custom-pet-portrait-woven-blanket,,,,,,,,,,,,,,,,,,,,,https://woven-tails-sujalsharmas-projects.vercel.app/img/blanket-weave-closeup.jpg,5,Close-up of the woven cotton threads and fringe (illustration of the product),,,,
custom-pet-portrait-woven-blanket,,,,,,,,,,,,,,,,,,,,,https://woven-tails-sujalsharmas-projects.vercel.app/img/blanket-tree-collie.jpg,6,Christmas-style collie blanket under a tree (illustration of the product),,,,
custom-pet-portrait-woven-blanket,,,,,,,,,,,,,,,,,,,,,https://woven-tails-sujalsharmas-projects.vercel.app/img/blanket-bed-tabby.jpg,7,Royal-style cat blanket on a bed (illustration of the product),,,,
personalized-pet-storybook,"Personalized Pet Storybook, Starring Your Dog or Cat","<p><strong>A storybook where your pet is the hero.</strong> <em>…and the Very Big Day</em>, with your pet's name on the cover: 24 illustrated pages starring your real dog or cat, drawn from your photo.</p><ul>  <li><strong>Your actual pet on every page:</strong> illustrated from your photo, not picked from preset breeds</li>  <li><strong>Hardcover, 8 × 8 in, 24 full-color pages</strong></li>  <li><strong>Your family in the story:</strong> up to 3 names and your pet's favorite treat</li>  <li><strong>Approve the character first</strong> before we illustrate the book</li>  <li><strong>Dog, cat and gentle memorial versions</strong></li>  <li><strong>Printed in the USA</strong></li></ul><p>📸 After checkout we'll email you to ask for your pet's photo and names. 🎄 Order by <strong>December 10</strong> for Christmas delivery (US).</p><h3>The story</h3><p>A morning stretch, a big adventure, a surprise at home and a heartfelt thank-you from the family, ending with a cozy goodnight. Perfect for reading aloud (ages 2–8), and loved by grown-up pet parents too. Cats get their own version: sunbeams, boxes and a nap on the clean laundry.</p><h3>How it works</h3><ol>  <li><strong>Order:</strong> choose dog, cat or memorial version.</li>  <li><strong>Send photo &amp; names:</strong> reply to our email.</li>  <li><strong>Approve the character:</strong> we send it within 24 hours.</li>  <li><strong>We illustrate, print &amp; ship:</strong> about 5–8 business days after approval.</li></ol><h3>Details</h3><table>  <tr><td>Format</td><td>Hardcover, case-bound, 8 × 8 in</td></tr>  <tr><td>Pages</td><td>24 full-color illustrated pages</td></tr>  <tr><td>Personalization</td><td>Pet's name and look (from your photo), up to 3 family names, favorite treat</td></tr>  <tr><td>Art</td><td>AI-assisted illustration, checked by hand</td></tr>  <tr><td>Printed in</td><td>USA</td></tr></table><p><em>Made just for you, so no change-of-mind returns. Any printing issue gets a free reprint.</em></p>",Woven Tails,,Books,"personalized book, pet storybook, gift for kids, dog book, cat book",TRUE,Version,Dog,WT-BOOK-DOG,550,,,continue,manual,42.00,,TRUE,TRUE,g,https://woven-tails-sujalsharmas-projects.vercel.app/img/book-table.jpg,1,Hardcover storybook starring a golden retriever (illustration of the product),FALSE,Personalized Pet Storybook | Your Real Pet Illustrated | Hardcover,"A 24-page hardcover picture book starring your own dog or cat, illustrated from your photo on every page. Made in the USA.",draft
personalized-pet-storybook,,,,,,,,,Cat,WT-BOOK-CAT,550,,,continue,manual,42.00,,TRUE,TRUE,g,https://woven-tails-sujalsharmas-projects.vercel.app/tex/dog-12.jpg,2,Sample page: the best stick in the history of sticks,,,,
personalized-pet-storybook,,,,,,,,,Memorial,WT-BOOK-MEM,550,,,continue,manual,42.00,,TRUE,TRUE,g,https://woven-tails-sujalsharmas-projects.vercel.app/tex/dog-16.jpg,3,Sample page: the surprise party,,,,
personalized-pet-storybook,,,,,,,,,,,,,,,,,,,,,https://woven-tails-sujalsharmas-projects.vercel.app/tex/cat-10.jpg,4,Cat version sample page: a box,,,,
personalized-pet-storybook,,,,,,,,,,,,,,,,,,,,,https://woven-tails-sujalsharmas-projects.vercel.app/img/book-bed-tabby.jpg,5,Cat storybook on a bed (illustration of the product),,,,
personalized-pet-storybook,,,,,,,,,,,,,,,,,,,,,https://woven-tails-sujalsharmas-projects.vercel.app/img/presenter-book.jpg,6,Reading the storybook (illustration of the product),,,,
pet-portrait-gift-set,The Woven Tails Gift Set: Pet Portrait Blanket + Storybook,"<p><strong>One photo. Two gifts they'll keep.</strong> The woven portrait blanket and the storybook starring their pet, made from the same photo, approved once, shipped together.</p><ul>  <li><strong>Woven portrait blanket:</strong> 100% cotton jacquard, approx. 52 × 37 in, fringed ends</li>  <li><strong>Starring-your-pet storybook:</strong> 8 × 8 in hardcover, 24 illustrated pages</li>  <li><strong>One photo, one approval</strong> for both pieces</li>  <li><strong>Save $7:</strong> $99 instead of $106 bought separately</li>  <li><strong>Made in the USA</strong> and delivered together, free US shipping</li></ul><p>📸 After checkout we'll email you to ask for your pet's photo, names and blanket style. 🎄 Order by <strong>December 10</strong> for Christmas delivery (US).</p><h3>Timeline</h3><ol>  <li><strong>Day 0:</strong> you order.</li>  <li><strong>Within 24 hours:</strong> art proof for both pieces.</li>  <li><strong>1–2 business days:</strong> woven and printed after you approve.</li>  <li><strong>2–5 business days:</strong> delivered together with tracking.</li></ol><p><em>Both pieces are made to order, so no change-of-mind returns. Anything wrong gets a free replacement or refund. Art is AI-assisted and checked by hand.</em></p>",Woven Tails,,Gift sets,"gift set, pet portrait, custom blanket, personalized book, christmas gift",TRUE,Art style,Bold Pop,WT-SET-POP,1950,,,continue,manual,99.00,106.00,TRUE,TRUE,g,https://woven-tails-sujalsharmas-projects.vercel.app/img/bundle-giftbox.jpg,1,Gift box with the woven blanket and storybook (illustration of the product),FALSE,Pet Portrait Gift Set | Woven Blanket + Storybook,"A woven pet portrait blanket and a storybook starring their pet, from one photo, shipped together. $99.",draft
pet-portrait-gift-set,,,,,,,,,Christmas Scarf,WT-SET-XMAS,1950,,,continue,manual,99.00,106.00,TRUE,TRUE,g,https://woven-tails-sujalsharmas-projects.vercel.app/img/blanket-sofa-golden.jpg,2,Woven pet portrait blanket (illustration of the product),,,,
pet-portrait-gift-set,,,,,,,,,Royal,WT-SET-ROYAL,1950,,,continue,manual,99.00,106.00,TRUE,TRUE,g,https://woven-tails-sujalsharmas-projects.vercel.app/img/book-table.jpg,3,Storybook starring the pet (illustration of the product),,,,
extra-storybook-copy,Extra Copy of Your Pet Storybook (One for Grandma),"<p>A second hardcover copy of the same personalized storybook, printed and shipped with your order. Add it to the cart together with the storybook or gift set.</p>",Woven Tails,,Books,"add-on, personalized book",TRUE,Title,Default Title,WT-BOOK-EXTRA,550,,,continue,manual,19.00,,TRUE,TRUE,g,https://woven-tails-sujalsharmas-projects.vercel.app/img/book-table.jpg,1,Hardcover pet storybook (illustration of the product),FALSE,Extra Copy of Your Pet Storybook,"A second copy of your personalized pet storybook, shipped with your order.",draft
